准考证号,考场号
GD-00771,303机房
GD-00386,303机房
GD-00849,303机房
GD-00296,303机房
GD-00553,303机房
GD-00450,303机房
GD-00745,303机房
GD-00625,303机房
GD-00675,303机房
GD-00923,303机房
GD-00482,303机房
GD-00434,303机房
GD-00057,303机房
GD-00271,303机房
GD-00525,303机房
GD-00742,303机房
GD-00444,303机房
GD-00147,303机房
GD-00931,303机房
GD-00051,303机房
GD-00007,303机房
GD-00346,303机房
GD-00340,303机房
GD-00333,303机房
GD-00244,303机房
GD-00125,303机房
GD-00803,303机房
GD-00358,303机房
GD-00798,303机房
GD-00787,303机房
GD-00613,303机房
GD-00100,303机房
GD-00399,303机房
GD-00213,303机房
GD-00847,303机房
GD-00573,303机房
GD-00602,303机房
GD-00590,303机房
GD-00584,303机房
GD-00264,303机房
GD-00801,303机房
GD-00969,303机房
GD-00201,303机房
GD-00968,303机房
GD-00496,303机房
GD-00054,303机房
GD-00522,303机房
GD-00702,303机房
GD-00378,303机房
GD-00350,304机房
GD-00826,304机房
GD-00139,304机房
GD-00320,304机房
GD-00684,304机房
GD-00799,304机房
GD-00703,304机房
GD-00471,304机房
GD-00077,304机房
GD-00470,304机房
GD-00956,304机房
GD-00032,304机房
GD-00481,304机房
GD-00626,304机房
GD-00142,304机房
GD-00341,304机房
GD-00559,304机房
GD-00690,304机房
GD-00580,304机房
GD-00539,304机房
GD-00884,304机房
GD-00256,304机房
GD-00437,304机房
GD-00373,304机房
GD-00511,304机房
GD-00837,304机房
GD-00588,304机房
GD-00377,304机房
GD-00541,304机房
GD-00435,304机房
GD-00961,304机房
GD-00195,304机房
GD-00198,304机房
GD-00081,304机房
GD-00510,304机房
GD-00682,304机房
GD-00226,304机房
GD-00209,304机房
GD-00111,304机房
GD-00224,304机房
GD-00441,304机房
GD-00687,304机房
GD-00301,304机房
GD-00730,304机房
GD-00521,304机房
GD-00192,304机房
GD-00972,304机房
GD-00566,304机房
GD-00883,304机房
GD-00534,402机房
GD-00699,402机房
GD-00128,402机房
GD-00808,402机房
GD-00291,402机房
GD-00018,402机房
GD-00062,402机房
GD-00563,402机房
GD-00153,402机房
GD-00800,402机房
GD-00650,402机房
GD-00854,402机房
GD-00315,402机房
GD-00343,402机房
GD-00214,402机房
GD-00530,402机房
GD-00319,402机房
GD-00151,402机房
GD-00072,402机房
GD-00753,402机房
GD-00864,402机房
GD-00950,402机房
GD-00429,402机房
GD-00894,402机房
GD-00925,402机房
GD-00842,402机房
GD-00187,402机房
GD-00419,402机房
GD-00452,402机房
GD-00407,402机房
GD-00196,402机房
GD-00700,402机房
GD-00439,402机房
GD-00317,402机房
GD-00318,402机房
GD-00579,402机房
GD-00865,402机房
GD-00964,402机房
GD-00354,402机房
GD-00433,402机房
GD-00360,402机房
GD-00055,402机房
GD-00066,402机房
GD-00946,402机房
GD-00654,402机房
GD-00422,402机房
GD-00272,402机房
GD-00035,402机房
GD-00436,402机房
GD-00645,401机房
GD-00601,401机房
GD-00665,401机房
GD-00268,401机房
GD-00701,401机房
GD-00165,401机房
GD-00124,401机房
GD-00467,401机房
GD-00376,401机房
GD-00385,401机房
GD-00906,401机房
GD-00688,401机房
GD-00034,401机房
GD-00634,401机房
GD-00766,401机房
GD-00941,401机房
GD-00455,401机房
GD-00532,401机房
GD-00571,401机房
GD-00150,401机房
GD-00330,401机房
GD-00825,401机房
GD-00708,401机房
GD-00919,401机房
GD-00266,401机房
GD-00882,401机房
GD-00493,401机房
GD-00647,401机房
GD-00003,401机房
GD-00251,401机房
GD-00900,401机房
GD-00620,401机房
GD-00593,401机房
GD-00115,401机房
GD-00543,401机房
GD-00400,401机房
GD-00008,401机房
GD-00286,401机房
GD-00135,401机房
GD-00382,401机房
GD-00914,401机房
GD-00395,401机房
GD-00939,401机房
GD-00438,401机房
GD-00078,401机房
GD-00351,401机房
GD-00097,401机房
GD-00231,401机房
GD-00589,401机房
GD-00502,503机房
GD-00915,503机房
GD-00773,503机房
GD-00790,503机房
GD-00763,503机房
GD-00099,503机房
GD-00026,503机房
GD-00681,503机房
GD-00492,503机房
GD-00769,503机房
GD-00212,503机房
GD-00869,503机房
GD-00006,503机房
GD-00898,503机房
GD-00717,503机房
GD-00431,503机房
GD-00945,503机房
GD-00412,503机房
GD-00615,503机房
GD-00761,503机房
GD-00738,503机房
GD-00363,503机房
GD-00868,503机房
GD-00871,503机房
GD-00304,503机房
GD-00921,503机房
GD-00657,503机房
GD-00520,503机房
GD-00276,503机房
GD-00170,503机房
GD-00326,503机房
GD-00740,503机房
GD-00828,503机房
GD-00603,503机房
GD-00020,503机房
GD-00889,503机房
GD-00807,503机房
GD-00307,503机房
GD-00175,503机房
GD-00120,503机房
GD-00216,503机房
GD-00449,503机房
GD-00636,503机房
GD-00504,503机房
GD-00784,503机房
GD-00813,503机房
GD-00862,503机房
GD-00220,503机房
GD-00508,503机房
GD-00445,504机房
GD-00640,504机房
GD-00190,504机房
GD-00021,504机房
GD-00010,504机房
GD-00225,504机房
GD-00371,504机房
GD-00949,504机房
GD-00550,504机房
GD-00519,504机房
GD-00540,504机房
GD-00252,504机房
GD-00557,504机房
GD-00757,504机房
GD-00117,504机房
GD-00506,504机房
GD-00904,504机房
GD-00468,504机房
GD-00599,504机房
GD-00811,504机房
GD-00907,504机房
GD-00478,504机房
GD-00182,504机房
GD-00758,504机房
GD-00691,504机房
GD-00241,504机房
GD-00465,504机房
GD-00418,504机房
GD-00332,504机房
GD-00750,504机房
GD-00047,504机房
GD-00287,504机房
GD-00359,504机房
GD-00274,504机房
GD-00477,504机房
GD-00472,504机房
GD-00236,504机房
GD-00308,504机房
GD-00722,504机房
GD-00867,504机房
GD-00421,504机房
GD-00278,504机房
GD-00380,504机房
GD-00095,504机房
GD-00528,504机房
GD-00881,504机房
GD-00804,504机房
,
,
,
,
